user_id,bed_eminder_id,actual_kwh,created_at,null
1,abc123def,0.0,2013-06-25 19:59:59,
2,vu536j,959.82,2013-06-25 19:59:59,
3,63riep,1169.05,2013-07-17 21:29:29,
5,fpfhix,198.024,2013-07-18 10:21:28,
6,km5css,746.31,2013-07-18 12:49:09,
7,uc35re,205.212,2013-07-18 13:01:05,
8,5ACZ9T,349.194,2013-07-18 17:22:30,
9,b3qfc7,181.062,2013-07-19 12:41:20,
10,5bicfd,396.984,2013-07-20 15:04:12,
11,riebnd,449.124,2013-07-22 14:50:52,
13,6d74q8,303.366,2013-07-24 12:37:29,
14,nudza3,246.24,2013-07-26 01:36:49,
15,mpypwp,280.416,2013-07-26 20:28:07,
17,5vz6t5,887.598,2013-07-29 21:18:08,
18,xafz2a,494.292,2013-08-02 01:42:57,
19,sap6ru,379.368,2013-08-05 16:14:59,
20,gcdwrq,542.268,2013-08-06 10:46:34,
21,7ui3u4,93.822,2013-08-07 23:55:41,
22,uoda22,379.566,2013-08-08 04:32:35,
23,w8ic3b,144.594,2013-08-08 16:35:22,
25,mobfnf,118.404,2013-08-11 07:59:53,
26,v883x9,237.744,2013-08-11 13:36:05,
27,xr9bcd,168.738,2013-08-15 02:14:36,
28,r4fzdv,261.606,2013-08-17 02:50:31,
29,q7bgx8,189.648,2013-08-18 15:05:11,
30,musst2,223.158,2013-08-19 17:39:58,
31,pth2ot,96.702,2013-08-24 16:37:06,
32,u5c9zd,259.062,2013-08-26 16:19:32,
33,Dzzifa,576.24,2013-08-30 15:41:08,
35,rdgo9q,462.984,2013-09-02 17:29:20,
36,tvmqqf,588.63,2013-09-02 20:02:49,
37,cavdmc,188.706,2013-09-02 21:00:26,
38,w44snr,354.426,2013-09-03 03:18:06,
39,enf92s,225.552,2013-09-13 11:41:12,
40,admu9e,544.782,2013-09-13 18:56:34,
41,Bgopeu,244.86,2013-09-17 12:11:52,
42,czwxnx,143.736,2013-09-25 21:19:42,
43,ipkzf8,624.834,2013-10-04 14:33:18,
44,q8v973,410.796,2013-10-05 11:48:42,
45,foipkg,503.124,2013-10-05 13:06:24,
46,dmwsci,973.068,2013-10-21 14:25:53,
47,sx2x72,206.316,2013-11-20 18:26:00,
48,ag23qe,1120.53,2013-11-20 19:19:10,
49,eba2ic,1147.71,2013-11-20 20:33:34,
50,wtpt27,113.766,2013-11-20 20:44:17,
51,ig8q43,253.332,2013-11-20 21:50:22,
52,kx53dd,74.85,2013-11-20 21:52:59,
53,ttxgcb,312.282,2013-11-20 22:03:44,
54,kzfqhp,304.806,2013-11-20 22:41:51,
55,kjr8hy,32.244,2013-11-20 22:58:29,
56,dd2r3i,642.3,2013-11-20 23:31:36,
57,29pr9y,179.49,2013-11-20 23:55:26,
58,xvra2k,661.044,2013-11-20 23:55:57,
59,xihgo3,299.31,2013-11-21 00:31:53,
60,ar5jjq,302.334,2013-11-21 00:32:02,
61,6c8yaa,338.892,2013-11-21 00:36:31,
62,7j8p8v,155.976,2013-11-21 00:53:28,
63,ic9hfc,696.822,2013-11-21 02:19:01,
64,k9sini,222.66,2013-11-21 02:31:45,
65,pzczpc,75.228,2013-11-21 02:54:03,
66,bytdtf,388.926,2013-11-21 03:43:47,
67,emxobm,137.604,2013-11-21 03:45:12,
68,zhe7vo,349.986,2013-11-21 03:54:13,
69,59v69w,320.448,2013-11-21 04:07:10,
70,aymppm,0.0,2013-11-21 13:34:30,
71,ykw6qj,244.818,2013-11-21 13:42:44,
72,pd642x,511.482,2013-11-21 15:05:48,
73,ej5nrt,1065.32,2013-11-21 15:11:15,
74,rzc65i,417.15,2013-11-21 17:04:30,
75,w3opke,1808.18,2013-11-21 20:26:14,
76,yzzoeq,0.0,2013-11-21 23:57:14,
77,sn7b7o,318.6,2013-11-22 00:05:53,
78,t38dsd,470.214,2013-11-22 01:25:11,
79,ss4bux,1501.78,2013-11-22 13:29:41,
80,5dcho4,735.582,2013-11-22 14:03:13,
81,htkagb,877.632,2013-11-22 14:57:52,
82,yfiyzv,301.29,2013-11-22 16:02:49,
83,9tnuk2,37.794,2013-11-22 16:47:08,
84,rc47ou,191.25,2013-11-22 18:03:01,
85,zqr2df,312.798,2013-11-23 00:25:53,
86,w2sbc4,757.056,2013-11-23 14:37:35,
87,34vv9y,405.51,2013-11-23 14:38:50,
88,s7d3vi,84.216,2013-11-24 04:14:39,
89,ei72x7,164.1,2013-11-24 13:27:59,
90,uv4yph,287.91,2013-11-24 18:25:51,
91,ivngme,559.236,2013-11-24 19:18:40,
92,Tnnaxt,204.606,2013-11-25 02:44:37,
93,3medab,371.046,2013-11-25 12:34:40,
94,ipztpu,280.908,2013-11-25 16:58:17,
95,s3ucxb,693.222,2013-11-25 19:44:18,
96,w32mhw,92.822,2013-11-25 21:26:48,
97,vhthqx,404.748,2013-11-25 22:49:21,
98,unmny2,197.826,2013-11-26 14:33:47,
99,gi35w7,299.628,2013-11-27 01:24:39,
100,u3ds4w,269.658,2013-11-27 12:42:17,
101,rozj37,303.852,2013-11-27 14:03:52,
102,433qws,285.534,2013-11-27 15:26:27,
103,huhj89,269.082,2013-11-27 17:40:31,
104,9fdtgu,380.922,2013-11-29 12:42:27,
105,e3fidx,232.62,2013-11-29 17:00:58,
106,teh95v,391.584,2013-11-29 18:20:54,
107,tfqy24,339.216,2013-11-29 18:43:35,
108,in3sdy,244.95,2013-11-29 18:56:02,
110,7wss57,518.424,2013-11-29 19:16:42,
111,wx7asx,275.706,2013-11-29 19:45:07,
112,acnpiq,508.53,2013-11-29 21:15:55,
113,58csc3,276.948,2013-11-29 21:47:38,
114,2er9q4,513.9,2013-11-29 22:04:37,
115,ymdsgw,618.078,2013-11-29 22:16:37,
116,ggu2tz,274.608,2013-11-29 22:41:20,
117,5df5yw,495.63,2013-11-29 22:45:59,
118,9fw749,562.416,2013-11-29 23:41:59,
119,ewecap,420.462,2013-11-29 23:50:07,
120,5y9gkx,183.306,2013-11-29 23:50:43,
121,kvugh9,231.786,2013-11-30 00:23:25,
122,hzqu2x,330.876,2013-11-30 01:23:05,
123,xjokfk,276.366,2013-11-30 01:43:12,
124,ur5ngq,254.298,2013-11-30 01:47:33,
125,st3gh7,979.962,2013-11-30 02:05:27,
126,Tyg6q6,333.954,2013-11-30 12:49:55,
127,jsudn6,275.424,2013-11-30 13:21:35,
128,wiznqr,302.586,2013-11-30 13:45:42,
129,67ux23,384.582,2013-11-30 14:11:30,
130,uae4c7,192.462,2013-11-30 14:28:02,
131,fwyy8t,729.318,2013-11-30 15:22:54,
132,ai4xvd,394.092,2013-11-30 15:26:29,
133,igexq4,1014.94,2013-11-30 15:32:12,
134,yyocq7,299.07,2013-11-30 15:46:06,
135,xdwb6h,511.032,2013-11-30 16:21:19,
136,cmnuvf,258.078,2013-11-30 16:25:21,
137,tej68q,273.39,2013-11-30 16:45:33,
138,626dhw,571.656,2013-11-30 17:32:52,
139,onvh3t,384.906,2013-11-30 17:51:58,
140,kc4ygr,356.592,2013-11-30 17:54:13,
141,5x9k8u,434.358,2013-11-30 18:49:16,
142,utkhai,42.744,2013-11-30 19:47:31,
143,nnksq2,1872.62,2013-11-30 20:18:59,
144,ptab87,464.31,2013-11-30 20:35:41,
145,rxcdgb,746.334,2013-11-30 20:53:09,
146,h5m592,458.766,2013-11-30 21:33:41,
147,Wdq2dq,162.528,2013-11-30 22:47:36,
148,i2k9ds,415.638,2013-12-01 02:08:39,
149,yfhu72,377.232,2013-12-01 02:46:12,
150,4bahq4,906.81,2013-12-01 03:43:26,
151,2aq6m4,334.902,2013-12-01 12:56:28,
152,wercss,456.012,2013-12-01 13:32:56,
153,q3x3nc,284.148,2013-12-01 14:34:30,
154,4u647u,124.29,2013-12-01 15:22:14,
156,bfzg5k,780.12,2013-12-01 16:07:39,
157,8n3bz3,642.348,2013-12-01 17:23:07,
158,n7u6ft,395.796,2013-12-01 20:10:46,
159,i2mxc8,181.308,2013-12-01 21:39:40,
160,mr7r6y,869.652,2013-12-01 22:25:06,
161,gvpo9o,537.534,2013-12-01 22:32:37,
162,d99ziv,285.6,2013-12-01 23:30:03,
163,qu9f28,356.004,2013-12-01 23:33:12,
164,3gqet7,376.374,2013-12-02 00:04:11,
165,cjm6gp,300.144,2013-12-02 01:02:17,
166,tnvtsz,175.62,2013-12-02 01:22:20,
167,84nw5n,573.384,2013-12-02 02:06:56,
169,zz8eea,774.894,2013-12-02 02:13:36,
170,sjgkce,369.57,2013-12-02 02:16:14,
171,3fsgm7,379.554,2013-12-02 02:25:17,
172,a3oau3,965.1,2013-12-02 03:51:22,
173,c3cdac,231.576,2013-12-02 04:40:03,
174,yi35ym,248.712,2013-12-02 13:45:06,
175,omyjah,1626.34,2013-12-02 14:16:14,
176,wec28d,204.468,2013-12-02 14:29:00,
177,z8eneh,750.48,2013-12-02 15:39:45,
178,ugkx2s,194.352,2013-12-02 15:43:18,
179,a2geqh,460.782,2013-12-02 16:23:40,
180,7s37tg,202.152,2013-12-02 16:51:52,
181,3bku5a,806.616,2013-12-02 17:44:54,
182,pc5vf2,226.626,2013-12-02 18:47:04,
183,bzpcte,491.07,2013-12-02 18:58:18,
185,tjvp99,270.132,2013-12-02 19:23:18,
186,4t37mp,547.122,2013-12-02 20:04:57,
187,ypmyy8,471.12,2013-12-02 22:09:40,
188,raqpto,308.244,2013-12-03 00:09:51,
189,ytegit,89.43,2013-12-03 00:21:17,
190,j2xkyy,809.706,2013-12-03 02:08:33,
191,ovfax2,214.38,2013-12-03 02:59:28,
192,eibwno,709.122,2013-12-03 03:09:37,
193,pu5e85,2045.28,2013-12-03 03:52:44,
194,nk6ap9,212.688,2013-12-03 04:35:20,
195,67cprt,120.15,2013-12-03 16:30:35,
196,5eectg,389.13,2013-12-03 18:00:05,
197,9yhfo9,189.93,2013-12-03 18:02:11,
198,ydkgyr,357.816,2013-12-03 18:06:14,
199,w6tbkt,797.676,2013-12-03 18:09:33,
200,oupseh,1277.71,2013-12-03 18:19:35,
201,wzaa7q,546.72,2013-12-03 18:33:59,
202,s36k7p,6066.74,2013-12-03 18:43:24,
203,asxsiw,288.612,2013-12-03 18:52:01,
204,ttjwn3,428.094,2013-12-03 20:17:25,
205,iwtcut,209.064,2013-12-03 20:37:43,
206,6you5r,247.344,2013-12-03 21:01:39,
207,ftcdsu,3278.06,2013-12-03 21:08:39,
208,tg537c,276.372,2013-12-03 21:20:41,
209,om6kge,772.638,2013-12-03 21:28:23,
210,vt924i,1384.19,2013-12-03 21:33:16,
211,mmfnre,192.552,2013-12-03 21:55:08,
213,m7jmnq,551.7,2013-12-03 22:51:02,
214,ajh39v,1030.44,2013-12-03 22:53:55,
215,ncgovn,452.106,2013-12-03 23:06:26,
216,cdrjhj,356.664,2013-12-03 23:10:37,
217,2ds886,356.154,2013-12-03 23:15:50,
218,gbbdx6,334.104,2013-12-03 23:22:45,
219,kmhyc9,388.056,2013-12-03 23:24:56,
220,oj8364,342.144,2013-12-03 23:24:59,
221,8jg5re,245.43,2013-12-03 23:39:13,
222,uiu5bt,358.662,2013-12-03 23:52:30,
223,yt7zvp,576.498,2013-12-04 00:44:48,
224,2hnajj,537.318,2013-12-04 01:01:01,
225,b7ezx7,790.404,2013-12-04 01:02:46,
226,4jqsoz,1458.7,2013-12-04 01:07:25,
227,7id97k,844.29,2013-12-04 01:10:56,
228,2j3hv5,477.48,2013-12-04 01:20:23,
229,v49pri,231.078,2013-12-04 02:05:16,
230,o4dm7h,1195.31,2013-12-04 02:19:16,
231,okh3r6,441.222,2013-12-04 02:24:41,
232,x6eb8f,270.546,2013-12-04 03:19:59,
233,Ssezo5,204.27,2013-12-04 10:45:29,
234,Knniae,2131.58,2013-12-04 10:51:00,
235,w6rcrs,322.446,2013-12-04 12:22:50,
236,trgzsm,320.592,2013-12-04 12:57:20,
237,rspxmx,131.364,2013-12-04 14:14:02,
238,23w4Je,719.532,2013-12-04 15:11:47,
239,rfq2sv,539.346,2013-12-04 15:31:00,
240,doaw4k,521.034,2013-12-04 16:41:07,
241,9fjiiw,102.612,2013-12-04 16:52:19,
242,3pebq3,413.76,2013-12-04 18:06:06,
243,t3uybb,458.148,2013-12-04 18:17:03,
244,gcxgu3,650.76,2013-12-04 19:25:29,
245,2yup5i,562.218,2013-12-04 19:29:02,
246,f53vkj,1003.08,2013-12-04 21:42:14,
247,k78nvg,856.458,2013-12-04 22:16:46,
248,584pzm,396.03,2013-12-05 00:05:11,
249,pbn7mq,264.048,2013-12-05 00:31:40,
250,u4erea,498.024,2013-12-05 00:32:21,
251,rjad3f,218.31,2013-12-05 01:00:27,
252,429h5p,213.144,2013-12-05 01:02:32,
253,pi3ihs,262.11,2013-12-05 01:42:23,
254,dx6vhc,475.53,2013-12-05 02:47:44,
255,4yyo6j,333.438,2013-12-05 03:35:14,
256,5ma2w2,559.098,2013-12-05 14:59:41,
257,29ekby,917.916,2013-12-05 15:45:15,
258,9svmqu,500.016,2013-12-05 15:48:40,
259,mbbvh9,571.986,2013-12-05 15:55:00,
260,jwsoke,322.398,2013-12-05 18:18:45,
261,9xzgsj,491.16,2013-12-05 18:41:04,
262,azrvtb,364.878,2013-12-05 18:47:40,
263,mj3is7,164.256,2013-12-05 18:56:32,
265,68o7ar,836.7,2013-12-05 19:34:52,
268,xnvvjm,635.808,2013-12-05 21:41:08,
269,k3nw83,1940.27,2013-12-05 21:42:41,
270,b587sy,374.754,2013-12-05 22:24:56,
271,z5ogv3,181.638,2013-12-05 23:04:33,
272,iiif7d,287.274,2013-12-05 23:40:18,
273,yaf2yu,432.618,2013-12-06 01:23:14,
274,href92,416.286,2013-12-06 01:44:40,
275,f32u2c,521.916,2013-12-06 01:59:30,
276,o4zgsn,465.456,2013-12-06 02:08:52,
277,yyzt47,200.454,2013-12-06 03:51:21,
278,ejngfu,402.84,2013-12-06 12:25:43,
279,ge5c9m,167.904,2013-12-06 13:41:38,
280,9kzt2m,248.004,2013-12-06 14:56:03,
281,F2h424,290.916,2013-12-06 15:02:51,
282,4d3982,29.802,2013-12-06 15:30:50,
283,kfyz88,435.846,2013-12-06 15:48:59,
285,hcf3jt,1074.14,2013-12-06 17:43:04,
286,tuehax,191.088,2013-12-06 21:37:18,
287,iyeesd,318.504,2013-12-07 04:14:08,
288,39w2it,300.618,2013-12-07 14:04:08,
289,xzmfkq,260.49,2013-12-07 14:22:04,
290,fj9vkj,15.144,2013-12-07 14:46:21,
291,628cpp,407.268,2013-12-07 15:02:49,
292,7atykb,780.18,2013-12-07 15:02:51,
293,Zzxhde,191.112,2013-12-07 16:55:29,
294,Fiza9F,401.724,2013-12-07 16:59:38,
295,Okv5UF,102.78,2013-12-07 17:21:03,
296,8x6b3t,385.608,2013-12-07 17:46:23,
297,3IF4KK,201.18,2013-12-07 17:57:16,
298,5YO2QB,298.032,2013-12-07 18:17:12,
299,a5fhvn,423.984,2013-12-07 18:18:46,
300,emp5k7,42.408,2013-12-07 18:20:25,
301,Pab6QK,163.104,2013-12-07 18:29:15,
302,7VJ3FF,181.002,2013-12-07 19:05:44,
303,vxvptt,708.636,2013-12-07 19:22:34,
304,Pjgj3F,911.34,2013-12-07 19:27:02,
305,Vesdxe,146.598,2013-12-07 19:38:42,
306,Stdha8,300.126,2013-12-07 19:59:19,
307,c3qdsx,167.28,2013-12-07 20:00:00,
308,Aqbpft,285.096,2013-12-07 20:25:53,
309,U82DU2,139.83,2013-12-07 20:25:54,
310,vbqqq9,445.278,2013-12-07 20:29:17,
311,Oxcn7N,253.926,2013-12-07 20:42:07,
312,Xanorm,181.488,2013-12-07 20:43:53,
313,24eydk,499.512,2013-12-07 20:43:59,
314,Vrwrxx,464.136,2013-12-07 21:04:18,
315,Dm6SO5,79.224,2013-12-07 21:08:56,
316,Rtkjfr,1054.9,2013-12-07 21:09:30,
317,Cd9E2E,180.834,2013-12-07 21:24:52,
318,E887GI,336.6,2013-12-07 21:34:11,
319,Euk3AB,69.894,2013-12-07 21:42:53,
320,Fq3pcu,258.384,2013-12-07 21:43:49,
321,Gyenb7,735.72,2013-12-07 22:05:37,
322,Vra98P,507.09,2013-12-07 22:22:48,
323,H8UJUX,213.096,2013-12-07 22:55:48,
324,V7WWT7,207.036,2013-12-07 23:00:04,
325,Ynxmuu,715.494,2013-12-07 23:05:56,
326,Anq8HT,375.96,2013-12-07 23:09:08,
327,26H4JT,914.112,2013-12-07 23:16:55,
328,Kreheq,439.992,2013-12-07 23:17:12,
329,2sitfk,280.896,2013-12-07 23:21:34,
330,Ksqafb,323.316,2013-12-07 23:25:08,
331,Dvo76V,221.286,2013-12-07 23:39:59,
333,9RSGN8,573.354,2013-12-07 23:49:02,
334,dvo76v,221.286,2013-12-07 23:49:25,
335,8IWSSX,210.756,2013-12-08 00:01:02,
336,Anm84E,434.106,2013-12-08 00:33:22,
337,P56DK9,179.238,2013-12-08 00:37:04,
338,5qzgn8,92.514,2013-12-08 00:42:25,
339,4YSIDG,477.804,2013-12-08 00:50:54,
340,6AVNQH,92.268,2013-12-08 01:13:09,
341,Pjfgtq,825.822,2013-12-08 01:13:58,
342,n876wz,203.442,2013-12-08 01:30:09,
343,coqau8,111.396,2013-12-08 01:33:44,
344,H2C3HO,645.696,2013-12-08 01:34:33,
345,O9PVUY,833.334,2013-12-08 02:16:10,
346,5HJUQQ,311.076,2013-12-08 02:16:40,
347,Irhkpt,159.558,2013-12-08 02:30:14,
348,c9bxom,272.328,2013-12-08 03:00:25,
349,Uyspm2,217.794,2013-12-08 03:16:55,
350,5wptsk,398.382,2013-12-08 03:52:16,
351,Iqbb8Q,184.938,2013-12-08 04:01:42,
352,Rmevzs,1186.91,2013-12-08 05:14:59,
353,Ysu5KE,556.464,2013-12-08 05:22:09,
354,Okqj5J,424.602,2013-12-08 10:58:31,
355,Rscv52,965.7,2013-12-08 11:32:18,
356,Keh4JE,349.422,2013-12-08 11:51:39,
357,kygrny,533.604,2013-12-08 12:25:07,
358,jrfijn,198.258,2013-12-08 12:29:50,
359,Rp362W,35.64,2013-12-08 13:40:01,
360,Zy4MTC,629.85,2013-12-08 13:58:29,
361,Djsskt,1186.58,2013-12-08 14:00:34,
362,mv7ko7,315.468,2013-12-08 14:15:40,
363,4398K6,347.748,2013-12-08 14:22:01,
364,py544z,396.39,2013-12-08 14:22:47,
365,pvcdwo,1378.38,2013-12-08 14:25:38,
366,a4edh5,771.594,2013-12-08 14:36:14,
367,9w3v3c,254.61,2013-12-08 14:38:43,
368,iy9t84,1004.3,2013-12-08 14:57:40,
369,wugfhs,726.966,2013-12-08 15:05:15,
370,233juj,29.598,2013-12-08 15:16:23,
371,Yd8UY3,188.604,2013-12-08 15:43:00,
372,5OJM3S,580.782,2013-12-08 15:43:11,
373,k43gt5,0.0,2013-12-08 15:44:12,
374,R847YQ,388.794,2013-12-08 15:49:15,
375,Yxi4U5,0.0,2013-12-08 16:05:49,
376,Dsw4A8,0.0,2013-12-08 16:51:41,
377,a6uz76,357.552,2013-12-08 16:55:09,
378,6ZPECC,72.396,2013-12-08 16:57:40,
379,379JI6,188.01,2013-12-08 17:14:21,
380,Mppy6H,273.174,2013-12-08 17:15:02,
381,Drstsn,173.19,2013-12-08 17:28:02,
382,Yqrmgx,269.91,2013-12-08 18:12:29,
383,e55vsp,233.652,2013-12-08 18:16:37,
384,mamjjf,259.548,2013-12-08 18:37:14,
385,Tad7F3,39.648,2013-12-08 18:41:16,
386,jvxtjt,199.218,2013-12-08 18:54:59,
387,Wskwk3,79.986,2013-12-08 19:03:02,
388,3EKNCZ,187.452,2013-12-08 19:21:21,
389,2jbn87,624.87,2013-12-08 19:24:13,
390,Sge7DB,2357.51,2013-12-08 19:36:44,
391,6Q37EE,133.134,2013-12-08 19:43:06,
392,9WFBPF,681.072,2013-12-08 20:06:22,
393,Dcxssz,808.278,2013-12-08 20:17:22,
394,3BMFT3,1277.81,2013-12-08 20:21:20,
395,Yqh4JT,385.8,2013-12-08 20:53:32,
396,Vs4CWT,174.324,2013-12-08 21:12:55,
397,Svfs6Q,103.794,2013-12-08 21:20:27,
398,392jhg,586.392,2013-12-08 21:24:34,
399,Hqe36V,280.698,2013-12-08 21:30:57,
400,B46WA9,297.474,2013-12-08 21:54:11,
401,Np3h8I,198.486,2013-12-08 21:54:45,
402,Y2TKJE,473.622,2013-12-08 22:03:21,
403,4bzx75,436.446,2013-12-08 22:32:49,
404,w9mc6u,1078.53,2013-12-08 22:33:40,
405,Ju6dsb,157.206,2013-12-08 22:35:59,
406,Fbs262,200.514,2013-12-08 22:42:17,
407,c4vak6,0.0,2013-12-08 22:50:27,
408,bqg6w8,333.042,2013-12-08 22:50:29,
409,v6cvji,370.944,2013-12-08 23:04:00,
410,Ewszha,94.188,2013-12-08 23:32:33,
411,Rm8224,530.826,2013-12-08 23:38:02,
412,igggf9,350.964,2013-12-08 23:46:40,
413,AHczhr,242.34,2013-12-09 00:37:15,
414,Cr68EI,404.628,2013-12-09 00:43:49,
415,S7QWJ2,429.348,2013-12-09 00:58:03,
416,I98ZY4,191.178,2013-12-09 01:34:34,
417,A2Q3TT,415.08,2013-12-09 01:41:43,
418,Ieeecy,82.062,2013-12-09 01:45:10,
419,Znkt3R,251.31,2013-12-09 02:07:36,
420,I5QSJK,670.77,2013-12-09 02:16:11,
421,Eggdd7,1211.65,2013-12-09 02:27:36,
422,G824EI,491.976,2013-12-09 02:34:29,
423,Gxtdr3,452.112,2013-12-09 03:27:34,
424,Qqff4E,493.32,2013-12-09 03:29:10,
425,82PDHP,651.144,2013-12-09 03:57:47,
426,ut4pv5,198.582,2013-12-09 04:35:12,
427,z3k38v,207.858,2013-12-09 11:11:14,
428,2F2P5Z,740.646,2013-12-09 12:06:24,
429,Dsbdqf,82.926,2013-12-09 12:24:59,
430,daizwr,645.33,2013-12-09 12:49:35,
431,5XUNRB,24.042,2013-12-09 13:55:00,
432,85Z5V5,163.674,2013-12-09 14:10:00,
433,S3366W,79.956,2013-12-09 14:18:10,
434,Xwoupa,251.094,2013-12-09 14:31:57,
435,Croi63,186.588,2013-12-09 14:41:25,
436,Dqatzu,115.338,2013-12-09 14:57:31,
437,Ucoxw2,604.218,2013-12-09 15:02:00,
438,32BIYC,640.284,2013-12-09 15:05:11,
439,Ijnu6J,390.252,2013-12-09 15:05:43,
440,rc39t9,666.66,2013-12-09 15:14:14,
441,Qe42TX,139.74,2013-12-09 15:19:41,
442,Vv4HHX,190.386,2013-12-09 15:47:55,
443,Fs49WA,855.624,2013-12-09 15:48:44,
444,89kwfp,647.556,2013-12-09 15:52:27,
445,akeocj,269.67,2013-12-09 15:54:08,
446,u4bgux,153.534,2013-12-09 16:06:41,
447,H3877D,1284.26,2013-12-09 16:10:29,
448,88T8IO,494.034,2013-12-09 16:19:08,
449,B6Q95A,266.976,2013-12-09 16:27:58,
450,F4JD9T,675.06,2013-12-09 16:39:14,
451,8XDHGR,231.348,2013-12-09 16:58:11,
452,S2SGCC,354.246,2013-12-09 17:08:41,
453,Jhqvay,547.62,2013-12-09 17:58:44,
454,x43asy,420.804,2013-12-09 18:34:05,
455,Mdbpui,624.9,2013-12-09 18:37:13,
456,2BWIVX,231.834,2013-12-09 19:05:24,
457,Rgftwi,168.474,2013-12-09 19:29:29,
459,23f975,462.912,2013-12-09 19:41:07,
460,Onvrth,213.138,2013-12-09 19:59:40,
461,49td5n,0.0,2013-12-09 20:07:09,
462,8WCMRM,317.916,2013-12-09 20:16:30,
463,rkuxkn,532.26,2013-12-09 20:24:21,
464,Twef6x,865.242,2013-12-09 20:53:36,
465,34W965,500.106,2013-12-09 21:13:45,
466,9KAME7,601.374,2013-12-09 21:39:55,
467,Empm4Y,83.634,2013-12-09 22:13:45,
468,Td8SP8,278.388,2013-12-09 22:28:48,
469,Ac9DD8,452.844,2013-12-09 22:35:30,
470,9ZBUSY,220.74,2013-12-09 23:00:25,
471,T8EYZ8,363.504,2013-12-09 23:42:12,
472,62CRWI,271.812,2013-12-09 23:58:34,
473,szrnpd,368.112,2013-12-10 00:10:28,
474,5tmsd7,74.886,2013-12-10 00:39:15,
475,F8WCUD,307.728,2013-12-10 00:53:29,
476,2om9rg,282.228,2013-12-10 01:25:10,
477,Gi3N99,600.738,2013-12-10 01:42:43,
478,93HIQY,378.06,2013-12-10 02:14:23,
479,Kk9S38,213.474,2013-12-10 02:22:20,
480,e92xmx,318.816,2013-12-10 02:56:10,
481,8H2J37,1113.64,2013-12-10 02:56:58,
482,v6zoty,968.556,2013-12-10 03:02:31,
483,Nyorbz,889.356,2013-12-10 03:15:32,
484,Mzmo7G,125.376,2013-12-10 03:16:31,
485,Vzuqa4,278.598,2013-12-10 03:19:19,
486,Mu8ZXA,1847.91,2013-12-10 03:40:57,
487,9M2FO4,355.566,2013-12-10 05:32:44,
488,Epjmou,170.19,2013-12-10 12:35:33,
489,Wtjrwy,688.314,2013-12-10 13:48:31,
490,U8DFB3,0.0,2013-12-10 14:14:59,
491,4BO8X5,121.188,2013-12-10 14:20:30,
492,Nk3KQC,258.75,2013-12-10 14:20:45,
493,5kv49w,451.164,2013-12-10 14:59:53,
494,z7w35y,1524.08,2013-12-10 16:04:39,
495,ps4h9a,153.672,2013-12-10 16:39:25,
496,3O5J4N,753.822,2013-12-10 16:51:38,
497,Cjutsm,79.2,2013-12-10 16:53:36,
498,Pre3J2,358.722,2013-12-10 16:58:01,
499,Mgho6R,307.254,2013-12-10 18:31:59,
500,8FZ4E8,914.328,2013-12-10 19:06:59,
501,S6UAHH,611.274,2013-12-10 19:37:01,
502,Yqoojk,271.032,2013-12-10 20:01:51,
503,Joafqq,157.11,2013-12-10 22:08:12,
504,Udc6XP,99.75,2013-12-10 23:53:58,
505,4UZBGX,250.794,2013-12-11 00:05:49,
506,Gd3SEI,87.168,2013-12-11 00:36:33,
507,M22HTW,573.168,2013-12-11 00:52:17,
508,E8BKVC,606.03,2013-12-11 01:14:02,
509,Zncvff,281.646,2013-12-11 01:33:52,
510,Kmv38Y,113.532,2013-12-11 01:48:22,
511,Jsm29N,283.692,2013-12-11 01:52:50,
512,r7gpry,160.026,2013-12-11 02:17:39,
513,9oxfgw,551.298,2013-12-11 02:36:17,
514,j7cdaz,1126.76,2013-12-11 02:54:41,
515,h9bsa2,388.338,2013-12-11 03:29:42,
516,rtgzy9,775.728,2013-12-11 11:26:34,
517,Fmubm2,419.574,2013-12-11 12:35:55,
518,8ZY6GH,0.0,2013-12-11 13:56:17,
519,R5MFMI,269.43,2013-12-11 13:58:39,
520,Xtbwmi,1023.52,2013-12-11 14:01:53,
521,Wjpe4W,435.438,2013-12-11 14:37:55,
522,rrm3hn,528.456,2013-12-11 14:43:21,
523,Iy6XQC,533.85,2013-12-11 15:06:06,
525,799J65,562.068,2013-12-11 15:31:37,
526,Dphqrp,314.322,2013-12-11 15:56:10,
527,76q7r5,2188.77,2013-12-11 17:11:11,
528,Kqjgue,838.842,2013-12-11 18:08:08,
529,Kegxir,603.726,2013-12-11 18:54:35,
530,iy4vhr,800.652,2013-12-11 19:06:14,
531,b6tk6p,692.472,2013-12-11 19:15:42,
532,Ywufux,812.322,2013-12-11 20:01:54,
533,5DUYH7,355.578,2013-12-11 21:57:27,
534,y6oqi5,150.552,2013-12-11 21:57:54,
535,Thagrv,84.492,2013-12-11 21:59:12,
536,Vp2PO9,890.994,2013-12-12 00:04:18,
537,5bvgxe,645.96,2013-12-12 00:48:37,
538,I7487V,276.912,2013-12-12 02:20:39,
539,S78BYC,133.266,2013-12-12 03:46:19,
540,Fo6RMX,351.456,2013-12-12 05:28:27,
541,627vy3,184.08,2013-12-12 12:47:37,
542,Du6JOJ,332.376,2013-12-12 13:22:53,
543,hsg9xj,175.092,2013-12-12 13:57:59,
544,Bdfp62,534.966,2013-12-12 14:47:11,
545,827x44,380.484,2013-12-12 15:44:19,
546,Oku3V5,418.806,2013-12-12 15:51:27,
547,Bk7AWY,206.73,2013-12-12 16:12:41,
548,3cnv22,354.0,2013-12-12 17:07:16,
549,K6ISNC,251.844,2013-12-12 17:40:50,
550,jnjih3,293.652,2013-12-12 19:31:17,
551,2AFFZ4,330.012,2013-12-12 19:55:52,
552,8AFP6I,316.506,2013-12-12 20:03:07,
553,Wqx82X,203.91,2013-12-12 21:52:36,
554,C2ZFEB,141.36,2013-12-12 23:57:12,
555,9BWKIF,191.142,2013-12-13 00:05:39,
556,48M6KE,122.4,2013-12-13 01:20:51,
557,7PD7NN,129.174,2013-12-13 02:08:30,
558,c5dVk8,715.278,2013-12-13 03:09:06,
559,Ue3DGQ,475.17,2013-12-13 05:34:18,
560,Nnuxpq,315.816,2013-12-13 12:14:27,
561,Kqgtgr,54.81,2013-12-13 14:35:06,
562,7N3EQP,247.542,2013-12-13 15:16:11,
563,Wj6YXP,209.544,2013-12-13 15:32:31,
564,Fatof2,859.86,2013-12-13 16:35:36,
565,8X6ZV7,784.476,2013-12-13 19:27:21,
566,Ss2HH6,177.288,2013-12-13 21:16:24,
567,jfw9fz,371.172,2013-12-13 21:46:30,
568,Dhwhwx,83.61,2013-12-14 01:43:14,
569,Pi3T8P,130.494,2013-12-14 05:26:02,
570,Xdxsb6,473.574,2013-12-14 07:02:07,
571,gso69y,384.156,2013-12-14 12:08:38,
572,Vtv3B5,191.046,2013-12-14 14:46:01,
573,Yh9KUW,226.266,2013-12-14 15:30:01,
574,Gtu8CR,341.076,2013-12-14 15:53:00,
575,Fbwhkd,84.462,2013-12-14 15:57:34,
576,Rciihm,702.15,2013-12-14 17:14:21,
577,3fzev6,751.608,2013-12-14 17:28:31,
578,Swpvxy,290.802,2013-12-14 18:43:13,
579,dsojdv,641.46,2013-12-14 18:46:49,
580,O36OQD,990.3,2013-12-14 18:47:52,
581,Veci7C,273.486,2013-12-14 19:05:17,
582,Vb32XR,125.826,2013-12-14 19:44:53,
583,igrqhp,206.28,2013-12-14 20:10:41,
584,bhb5po,253.416,2013-12-14 21:22:04,
585,p95d3s,332.088,2013-12-14 21:23:47,
586,Dciqh2,262.968,2013-12-14 23:39:20,
587,Gzyab8,77.49,2013-12-15 01:56:02,
588,Vuohx7,413.904,2013-12-15 03:06:13,
589,Ckyikj,551.094,2013-12-15 13:37:32,
590,T7cns6,526.164,2013-12-15 13:56:17,
591,Dj6XMU,464.712,2013-12-15 14:21:21,
592,mwwvxa,227.118,2013-12-15 14:42:03,
593,udakx4,419.424,2013-12-15 16:53:16,
594,Tg4CSU,1199.82,2013-12-15 16:59:12,
595,9W8BIO,422.994,2013-12-15 17:53:39,
596,6sy9ff,1077.55,2013-12-15 17:56:11,
597,52ytp9,569.61,2013-12-15 18:51:38,
598,P9KWVP,283.398,2013-12-15 19:37:05,
599,4GBYWS,326.484,2013-12-15 19:38:55,
601,qpo4sc,405.24,2013-12-15 20:11:12,
602,3mcfbv,275.562,2013-12-15 20:14:10,
603,Q7ZSYZ,347.592,2013-12-15 20:31:51,
604,Jxyz9U,257.136,2013-12-15 21:49:44,
605,57JKX2,269.418,2013-12-15 21:56:14,
606,4re2ja,377.4,2013-12-15 22:24:50,
607,qu8mss,143.244,2013-12-15 23:43:17,
608,G6Qg83,373.764,2013-12-15 23:57:42,
609,Fkwt2N,610.326,2013-12-16 01:25:39,
610,vp7dj6,740.256,2013-12-16 01:49:57,
611,Kdmr5Z,184.404,2013-12-16 04:29:08,
612,9WIVV3,1271.35,2013-12-16 11:52:09,
613,Gizueo,929.664,2013-12-16 13:45:17,
614,Watxi8,516.438,2013-12-16 15:27:55,
615,hn4n5z,98.49,2013-12-16 15:59:42,
616,rghe8s,415.176,2013-12-16 16:10:43,
617,9GZFMF,154.506,2013-12-16 16:30:36,
618,K58WUR,376.992,2013-12-16 16:32:46,
619,Ngiqz6,749.4,2013-12-16 16:34:40,
620,5QFVDG,217.23,2013-12-16 17:08:53,
621,Yzetks,290.364,2013-12-16 17:56:36,
622,mfki4e,493.716,2013-12-16 18:18:58,
623,2GHM8B,202.716,2013-12-16 18:28:38,
624,86kwq5,484.104,2013-12-16 20:05:37,
625,Ip4K28,76.344,2013-12-16 20:56:18,
626,57y4sy,662.874,2013-12-16 22:55:40,
627,Ctgd2B,885.942,2013-12-16 23:33:00,
628,xt4tzx,144.966,2013-12-17 00:52:29,
629,k998am,306.882,2013-12-17 01:28:17,
630,8qair3,144.696,2013-12-17 11:13:07,
631,42ctoy,396.84,2013-12-17 15:19:36,
632,gzkq7q,1422.89,2013-12-17 15:48:59,
633,Bjdoym,1709.55,2013-12-17 17:35:27,
634,Qac9KK,338.112,2013-12-17 18:23:55,
636,Qikfik,105.21,2013-12-17 23:06:11,
637,Tqgbhg,129.636,2013-12-18 01:29:22,
638,Fojy97,104.904,2013-12-18 15:17:33,
639,cnw6p3,730.302,2013-12-18 16:21:37,
640,pzwv3h,343.638,2013-12-18 16:45:06,
641,Zw3R9N,344.58,2013-12-18 17:13:30,
642,ee2fsx,438.054,2013-12-18 19:45:08,
643,Ytye9J,186.594,2013-12-18 21:10:00,
644,Xxnopz,105.588,2013-12-19 01:46:43,
645,okcq6v,455.748,2013-12-19 02:32:06,
646,rr8noy,147.936,2013-12-19 04:26:40,
647,Vijz46,127.704,2013-12-19 13:34:59,
648,Ztty83,519.018,2013-12-19 16:36:02,
649,s8wmbe,1527.34,2013-12-19 16:50:21,
650,A5BOGA,799.17,2013-12-19 17:08:44,
651,M3JYZS,701.718,2013-12-19 18:42:47,
652,ydxxhn,127.944,2013-12-19 22:18:11,
653,Fvuuax,750.948,2013-12-20 04:09:14,
654,Daubo7,228.492,2013-12-20 10:06:04,
655,evk9e5,94.986,2013-12-20 15:20:57,
656,H8SZ4J,599.658,2013-12-20 16:26:53,
657,u4zvme,45.834,2013-12-20 17:26:10,
658,K2FN82,933.84,2013-12-20 18:27:00,
659,Bh2EXZ,432.48,2013-12-20 18:41:33,
660,B88J9J,334.842,2013-12-20 19:52:43,
661,56rsnh,342.648,2013-12-20 20:15:21,
662,F9CTD9,165.144,2013-12-20 21:25:56,
663,Bagy7X,191.52,2013-12-21 14:13:14,
664,p6yp3j,787.068,2013-12-21 15:12:16,
665,Y8FSOM,579.762,2013-12-21 16:35:15,
666,Nomx3V,500.916,2013-12-21 18:32:13,
667,juxgp6,1134.72,2013-12-21 21:26:50,
668,V3P6FG,303.81,2013-12-21 21:35:15,
669,G2KUOA,784.194,2013-12-21 22:05:40,
670,Axf75W,2616.0,2013-12-22 12:30:22,
671,j25qxn,287.478,2013-12-22 13:03:47,
672,Nw42DX,355.722,2013-12-22 13:38:31,
673,Koiiia,119.526,2013-12-22 16:24:24,
674,494Z8r,74.478,2013-12-22 16:29:12,
675,E6BVXK,325.716,2013-12-22 18:11:09,
676,Oqh475,148.56,2013-12-22 23:41:40,
677,hmwydg,209.76,2013-12-23 01:00:15,
678,84FUDA,143.208,2013-12-23 13:55:45,
679,852rpf,284.166,2013-12-23 14:06:27,
680,R96WOZ,498.342,2013-12-23 14:20:05,
681,Wv336M,349.746,2013-12-23 14:38:21,
682,ygawbv,251.892,2013-12-23 15:49:45,
683,qdcxth,195.228,2013-12-23 16:47:51,
684,Uvwde9,386.934,2013-12-23 18:22:32,
685,wejmjh,218.25,2013-12-23 19:46:01,
686,6MR86X,265.26,2013-12-23 23:20:27,
687,sjd7j6,362.322,2013-12-24 00:09:49,
688,Ydewt7,0.0,2013-12-24 06:46:59,
689,wwj2jk,165.168,2013-12-24 15:07:01,
690,cvyk6b,664.626,2013-12-24 22:53:45,
691,F9JQ8U,213.708,2013-12-25 15:44:14,
692,h6ffxq,756.24,2013-12-26 15:15:01,
694,E4RNQV,592.056,2013-12-26 20:08:22,
695,9TF24S,127.632,2013-12-26 20:57:29,
696,Biuvsc,1009.97,2013-12-26 21:11:20,
697,Hqs59n,506.574,2013-12-26 22:37:52,
698,k3yrrb,543.744,2013-12-26 23:33:41,
699,Baruqq,246.354,2013-12-27 01:21:13,
700,Spqqe3,662.766,2013-12-27 03:56:56,
701,3NJMDG,372.588,2013-12-27 15:34:17,
702,Mrqhbc,403.284,2013-12-27 19:58:13,
703,ekvxnb,275.418,2013-12-27 22:30:57,
704,Ghi4S7,176.316,2013-12-28 20:11:10,
705,yd9h9t,361.428,2013-12-28 23:04:48,
706,Crvad7,829.968,2013-12-28 23:12:25,
707,Tvmqea,317.238,2013-12-28 23:28:25,
708,3PPT6S,924.9,2013-12-29 01:49:55,
709,C3HSZ2,71.376,2013-12-29 18:13:43,
710,48yyh4,403.632,2013-12-29 18:54:32,
711,Isgc7M,395.244,2013-12-29 19:13:10,
712,rkz2wt,279.9,2013-12-29 21:18:21,
713,aa8awm,763.818,2013-12-30 17:22:00,
714,Yq83T4,758.394,2013-12-30 17:25:55,
715,5V9ZCE,630.618,2013-12-30 17:52:36,
716,Sgbi74,480.012,2013-12-30 20:34:58,
717,3HIT4F,335.898,2013-12-30 20:42:45,
718,85BEU5,452.028,2013-12-30 21:10:12,
719,Crjt8Q,338.55,2013-12-30 22:24:04,
720,2IOCG6,198.378,2013-12-31 01:46:44,
721,m8dwej,231.642,2013-12-31 03:02:24,
722,cp5ij4,119.124,2013-12-31 19:09:48,
723,hjjh43,341.85,2014-01-01 14:01:02,
724,595MOE,790.284,2014-01-01 14:40:08,
725,Beqqv7,117.876,2014-01-01 18:27:27,
726,U6QIZA,1098.1,2014-01-01 19:44:03,
727,4kgec7,359.16,2014-01-02 00:16:24,
728,Cxvarf,370.698,2014-01-02 02:44:54,
729,jm5gkr,584.898,2014-01-02 14:11:15,
730,Uhhm3U,44.958,2014-01-02 14:42:14,
731,Ehg6UT,467.76,2014-01-02 14:52:10,
732,encfpn,998.904,2014-01-02 14:58:25,
733,ger5s7,1917.41,2014-01-02 17:55:26,
734,nsxzw2,166.422,2014-01-02 19:10:46,
735,w3nmge,224.226,2014-01-02 19:57:39,
736,795J3j,166.848,2014-01-03 00:26:09,
737,Wsoxqc,755.616,2014-01-03 14:20:41,
738,22IW9E,284.592,2014-01-03 16:47:00,
739,Smdi9C,468.948,2014-01-03 16:49:14,
740,Mwqgpz,135.792,2014-01-03 17:32:57,
741,o2oyvp,86.412,2014-01-03 20:01:23,
742,7y2akp,710.814,2014-01-03 23:49:38,
743,Yt8DWB,288.12,2014-01-04 00:56:15,
744,Ftifs7,495.384,2014-01-04 17:59:01,
745,Ejcct5,360.42,2014-01-04 18:02:16,
746,Utih9E,263.736,2014-01-04 18:16:24,
747,Z4IWHP,622.212,2014-01-04 19:29:29,
748,2ni356,542.862,2014-01-04 20:39:44,
749,hojc3t,280.74,2014-01-04 22:55:25,
750,8AIPUM,424.002,2014-01-04 23:53:17,
751,ct8yy8,551.016,2014-01-05 00:13:44,
752,Iqdexj,260.988,2014-01-05 00:16:53,
753,hj5nd9,356.976,2014-01-05 14:10:51,
754,G9SA9W,317.31,2014-01-05 17:01:22,
755,Ttnv86,336.708,2014-01-05 17:25:38,
756,34Q7YZ,268.476,2014-01-05 18:35:01,
757,URCGQ4,501.096,2014-01-05 18:55:43,
758,H4PXQM,131.898,2014-01-05 21:56:25,
759,48699Q,327.048,2014-01-05 22:09:44,
760,Amcfpx,382.218,2014-01-06 00:04:08,
761,Fvqcbr,235.338,2014-01-06 13:44:29,
762,66gs9k,175.56,2014-01-06 14:16:55,
763,wa3m87,263.7,2014-01-06 15:43:16,
764,Z9PBP7,450.618,2014-01-06 15:44:32,
765,8BDBMP,185.16,2014-01-06 16:37:02,
766,pmfr6t,125.556,2014-01-06 16:49:47,
767,gkuboz,127.104,2014-01-06 21:06:50,
768,Uo27ZV,615.816,2014-01-07 14:29:31,
769,82re9x,228.3,2014-01-07 15:01:17,
770,Huuwa7,109.092,2014-01-07 16:14:39,
771,I4376M,836.496,2014-01-07 20:38:14,
772,3Q5MM3,347.466,2014-01-07 22:14:42,
773,Mpxdcx,252.204,2014-01-07 23:12:19,
774,Guj7FI,1595.68,2014-01-08 00:10:47,
775,75qkvh,200.406,2014-01-08 01:44:45,
776,szpfsd,634.506,2014-01-08 01:56:01,
777,9EFX9I,192.072,2014-01-08 19:48:07,
778,Gs28CO,384.342,2014-01-09 15:59:05,
779,McDo96,518.298,2014-01-09 21:12:04,
780,75tbc4,480.456,2014-01-10 15:25:47,
781,8fmz77,342.66,2014-01-10 18:50:39,
782,Oumpcf,369.39,2014-01-10 21:24:12,
783,3aug4k,455.34,2014-01-10 22:20:55,
785,i6czyz,0.0,2014-01-11 19:54:23,
786,Unp6U6,192.576,2014-01-11 20:08:31,
787,s8v3fq,375.996,2014-01-11 22:55:32,
788,24b2ni,158.04,2014-01-12 17:35:52,
789,jk2TI2,216.492,2014-01-12 18:22:29,
790,Tst228,61.032,2014-01-12 19:58:19,
791,Qdosnf,393.912,2014-01-13 17:02:31,
792,Ybmj4Z,433.404,2014-01-13 19:13:45,
793,5ZFCD7,141.858,2014-01-13 19:41:50,
794,5UGYTM,93.924,2014-01-13 20:59:59,
795,6Q2IQS,287.598,2014-01-13 23:56:18,
796,fu69ha,259.254,2014-01-14 19:44:23,
797,V9KGFC,133.698,2014-01-14 20:18:23,
798,Gkt6PN,195.906,2014-01-15 01:22:16,
799,579u47,506.79,2014-01-15 12:42:48,
800,Ow3343,443.886,2014-01-15 14:54:23,
801,c7uhmr,230.934,2014-01-16 15:27:43,
802,54qiji,303.6,2014-01-16 16:07:54,
803,jhv84c,216.594,2014-01-16 16:16:08,
804,Ic5A92,809.472,2014-01-16 18:36:32,
805,bowkrs,677.13,2014-01-18 05:34:58,
806,6egbg9,456.384,2014-01-18 16:09:32,
807,mmsy29,620.754,2014-01-18 16:48:45,
808,jgvecr,203.334,2014-01-19 01:04:16,
809,sm67tx,392.808,2014-01-19 23:56:15,
810,Bz7IE6,254.04,2014-01-20 00:38:50,
811,Rjox3D,358.242,2014-01-20 01:17:48,
812,Rxmnnh,222.282,2014-01-20 14:23:51,
813,6ixtge,272.604,2014-01-20 16:18:42,
814,uru32f,17.742,2014-01-20 17:18:09,
815,pjtswb,746.058,2014-01-20 22:54:31,
816,mqbn3n,378.15,2014-01-21 00:14:10,
817,Zurpt4,406.89,2014-01-21 16:05:27,
818,59cg9e,477.552,2014-01-22 18:01:15,
819,pju9o7,272.94,2014-01-22 20:51:14,
820,C8GKZA,102.006,2014-01-23 12:14:19,
821,Qtpewy,206.286,2014-01-23 16:39:30,
822,jnw4mt,2544.97,2014-01-23 17:48:53,
823,abic78,286.878,2014-01-23 23:15:15,
824,Xcfsgw,337.656,2014-01-24 01:20:19,
825,25PMB3,198.678,2014-01-24 21:25:48,
826,7prh7v,639.864,2014-01-25 01:06:56,
827,3PHMM2,560.67,2014-01-25 17:32:24,
828,exja48,180.042,2014-01-25 20:13:40,
829,2XB5NG,559.41,2014-01-25 21:56:29,
830,3nbcbi,269.202,2014-01-26 01:32:10,
831,xipedx,235.698,2014-01-27 00:36:59,
832,95J5P4,414.684,2014-01-27 13:31:06,
833,Nu4VR3,349.536,2014-01-28 14:36:59,
834,e8sbm6,897.024,2014-01-28 17:19:00,
835,iu96pq,325.734,2014-01-29 14:45:38,
836,Uksige,181.152,2014-01-29 14:55:54,
837,f37zty,444.414,2014-01-29 16:05:55,
838,Oy5G4Q,153.852,2014-01-29 17:43:54,
839,Kx49S4,790.062,2014-01-31 18:18:05,
840,smj82f,255.354,2014-02-01 18:46:23,
841,A5JZSZ,1062.08,2014-02-02 15:55:22,
842,Wi88RR,270.54,2014-02-04 22:28:25,
843,j7wgta,0.0,2014-02-04 22:30:09,
844,2pvnpx,184.182,2014-02-05 14:59:22,
846,6m6qos,151.116,2014-02-07 16:19:45,
847,kux5zy,567.474,2014-02-08 02:58:31,
848,3IQH7C,412.038,2014-02-08 22:48:34,
849,vrv7dx,272.352,2014-02-10 19:59:55,
850,558JX9,514.32,2014-02-12 20:23:32,
851,8RD8OB,427.038,2014-02-14 11:38:10,
852,Jw4OKF,282.084,2014-02-14 19:16:15,
853,M5IRFC,275.304,2014-02-16 15:30:15,
854,3pg8h7,914.148,2014-02-20 15:52:21,
855,74J5KP,189.69,2014-02-20 16:03:16,
856,ivmr6g,322.932,2014-02-23 00:28:54,
857,Baxkgq,230.724,2014-02-23 14:35:01,
858,zmmusc,599.028,2014-02-25 16:34:50,
859,jz43mz,413.214,2014-02-28 22:25:21,
860,S47858,347.352,2014-03-02 02:50:29,
861,6SBBUA,480.888,2014-03-02 20:14:01,
862,fapyp3,142.626,2014-03-04 22:45:49,
863,mdz86j,151.908,2014-03-05 02:58:26,
864,8pqs4q,432.738,2014-03-06 13:54:45,
865,4RV4C7,243.078,2014-03-06 22:32:58,
866,ez544r,732.546,2014-03-12 17:52:04,
867,3Q78sQ,346.446,2014-03-13 19:57:01,
868,V59PEY,237.402,2014-03-14 23:17:57,
869,F5RMRF,155.88,2014-03-16 19:48:08,
870,hjjjum,385.344,2014-03-21 16:23:06,
871,u6k4np,768.06,2014-03-23 20:21:38,
872,8wraoi,2070.16,2014-03-23 22:21:31,
873,2wjomi,228.3,2014-03-23 23:11:43,
874,PIDPNQ,841.176,2014-03-24 18:39:33,
875,kynxpp,271.356,2014-03-27 13:30:47,
876,7chgze,427.902,2014-03-28 12:16:38,
877,54WS4N,407.832,2014-03-29 15:40:42,
